data;konto_id;konto_nazwa;kampania_id;kampania_nazwa;zestaw_id;zestaw_nazwa;status_kampanii;budzet_dzienny_zestawu_pln;wydatek_pln;wyswietlenia;zasieg;czestotliwosc;cpm_pln;klikniecia_all;ctr_all_proc;cpc_all_pln;klikniecia_linku;ctr_linku_proc;cpc_linku_pln;unikalne_klikniecia_linku;wyswietlenia_strony;otwarcia_formularza;ukonczenia_formularza;leady;cpl_pln;leady_kwalifikowane;kontakty;rozmowy;klienci;przychod_pln;uwagi
2026-05-27;1569482637544365;PawelKwiatek;120250261422190581;LeadGen 27.05;120250261422330581;Cala polska;ACTIVE;100,00;87,23;1453;1249;1,16;60,03;33;2,27;2,64;11;0,757;7,93;11;;;;4;21,81;;;;;;
2026-05-28;1569482637544365;PawelKwiatek;120250261422190581;LeadGen 27.05;120250261422330581;Cala polska;ACTIVE;100,00;121,54;1626;1189;1,37;74,75;37;2,28;3,28;10;0,615;12,15;10;;;;3;40,51;;;;;;
2026-05-29;1569482637544365;PawelKwiatek;120250261422190581;LeadGen 27.05;120250261422330581;Cala polska;ACTIVE;100,00;65,44;1361;936;1,45;48,08;20;1,47;3,27;6;0,441;10,91;6;;;;3;21,81;;;;;;
2026-05-30;1569482637544365;PawelKwiatek;120250261422190581;LeadGen 27.05;120250261422330581;Cala polska;ACTIVE;110,00;104,82;1945;1485;1,31;53,89;25;1,29;4,19;6;0,308;17,47;6;;;;1;104,82;;;;;;
2026-05-31;1569482637544365;PawelKwiatek;120250261422190581;LeadGen 27.05;120250261422330581;Cala polska;ACTIVE;110,00;142,75;2768;1974;1,40;51,57;48;1,73;2,97;20;0,723;7,14;19;;;;4;35,69;;;;;;
2026-06-01;1569482637544365;PawelKwiatek;120250261422190581;LeadGen 27.05;120250261422330581;Cala polska;ACTIVE;110,00;131,54;3788;2656;1,43;34,73;67;1,77;1,96;23;0,607;5,72;23;;;;7;18,79;;;;;;
2026-06-02;1569482637544365;PawelKwiatek;120250261422190581;LeadGen 27.05;120250261422330581;Cala polska;ACTIVE;110,00;111,92;2483;1777;1,40;45,07;36;1,45;3,11;17;0,685;6,58;17;;;;2;55,96;;;;;;
2026-06-03;1569482637544365;PawelKwiatek;120250261422190581;LeadGen 27.05;120250261422330581;Cala polska;ACTIVE;110,00;104,92;1901;1324;1,44;55,19;27;1,42;3,89;15;0,789;6,99;14;;;;0;;;;;;;
2026-06-04;1569482637544365;PawelKwiatek;120250261422190581;LeadGen 27.05;120250261422330581;Cala polska;ACTIVE;110,00;79,47;1703;1173;1,45;46,66;30;1,76;2,65;11;0,646;7,22;11;;;;2;39,73;;;;;;
2026-06-05;1569482637544365;PawelKwiatek;120250261422190581;LeadGen 27.05;120250261422330581;Cala polska;ACTIVE;110,00;81,97;2164;1468;1,47;37,88;33;1,52;2,48;10;0,462;8,20;10;;;;2;40,98;;;;;;
2026-06-06;1569482637544365;PawelKwiatek;120250261422190581;LeadGen 27.05;120250261422330581;Cala polska;ACTIVE;110,00;110,22;2637;1768;1,49;41,80;34;1,29;3,24;10;0,379;11,02;10;;;;2;55,11;;;;;;
2026-06-07;1569482637544365;PawelKwiatek;120250261422190581;LeadGen 27.05;120250261422330581;Cala polska;ACTIVE;110,00;139,76;2645;1661;1,59;52,84;36;1,36;3,88;16;0,605;8,73;15;;;;3;46,59;;;;;;
2026-06-08;1569482637544365;PawelKwiatek;120250261422190581;LeadGen 27.05;120250261422330581;Cala polska;ACTIVE;110,00;127,76;3045;1976;1,54;41,96;41;1,35;3,12;18;0,591;7,10;17;;;;2;63,88;;;;;;
2026-06-09;1569482637544365;PawelKwiatek;120250261422190581;LeadGen 27.05;120250261422330581;Cala polska;ACTIVE;110,00;132,28;2439;1565;1,56;54,24;29;1,19;4,56;15;0,615;8,82;14;;;;3;44,09;;;;;;
2026-06-10;1569482637544365;PawelKwiatek;120250261422190581;LeadGen 27.05;120250261422330581;Cala polska;ACTIVE;120,00;112,77;2919;1749;1,67;38,63;40;1,37;2,82;13;0,445;8,67;12;;;;1;112,77;;;;;;
2026-06-11;1569482637544365;PawelKwiatek;120250261422190581;LeadGen 27.05;120250261422330581;Cala polska;ACTIVE;120,00;123,76;2486;1732;1,44;49,78;49;1,97;2,53;13;0,523;9,52;11;;;;3;41,25;;;;;;
2026-06-12;1569482637544365;PawelKwiatek;120250261422190581;LeadGen 27.05;120250261422330581;Cala polska;ACTIVE;120,00;99,55;2398;1567;1,53;41,51;44;1,83;2,26;14;0,584;7,11;14;;;;2;49,77;;;;;;
2026-06-13;1569482637544365;PawelKwiatek;120250261422190581;LeadGen 27.05;120250261422330581;Cala polska;ACTIVE;140,00;129,78;2131;1597;1,33;60,90;33;1,55;3,93;11;0,516;11,80;11;;;;2;64,89;;;;;;
2026-06-14;1569482637544365;PawelKwiatek;120250261422190581;LeadGen 27.05;120250261422330581;Cala polska;ACTIVE;140,00;159,84;2694;1917;1,41;59,33;46;1,71;3,47;12;0,445;13,32;12;;;;3;53,28;;;;;;
2026-06-15;1569482637544365;PawelKwiatek;120250261422190581;LeadGen 27.05;120250261422330581;Cala polska;ACTIVE;140,00;152,05;2902;1999;1,45;52,39;42;1,45;3,62;19;0,655;8,00;19;;;;7;21,72;;;;;;
2026-06-16;1569482637544365;PawelKwiatek;120250261422190581;LeadGen 27.05;120250261422330581;Cala polska;ACTIVE;140,00;161,40;2777;1966;1,41;58,12;57;2,05;2,83;19;0,684;8,49;17;;;;5;32,28;;;;;;
2026-06-17;1569482637544365;PawelKwiatek;120250261422190581;LeadGen 27.05;120250261422330581;Cala polska;ACTIVE;140,00;155,09;3386;2453;1,38;45,80;60;1,77;2,58;20;0,591;7,75;19;;;;4;38,77;;;;;;
2026-06-18;1569482637544365;PawelKwiatek;120250261422190581;LeadGen 27.05;120250261422330581;Cala polska;ACTIVE;140,00;119,90;2382;1789;1,33;50,34;49;2,06;2,45;12;0,504;9,99;12;;;;3;39,97;;;;;;
2026-06-19;1569482637544365;PawelKwiatek;120250261422190581;LeadGen 27.05;120250261422330581;Cala polska;ACTIVE;140,00;114,62;2129;1586;1,34;53,84;33;1,55;3,47;11;0,517;10,42;11;;;;2;57,31;;;;;;
2026-06-20;1569482637544365;PawelKwiatek;120250261422190581;LeadGen 27.05;120250261422330581;Cala polska;ACTIVE;140,00;115,22;1795;1277;1,41;64,19;36;2,01;3,20;11;0,613;10,47;11;;;;2;57,61;;;;;;
2026-06-21;1569482637544365;PawelKwiatek;120250261422190581;LeadGen 27.05;120250261422330581;Cala polska;ACTIVE;140,00;193,57;2994;1765;1,70;64,65;72;2,40;2,69;25;0,835;7,74;25;;;;5;38,71;;;;;;
2026-06-22;1569482637544365;PawelKwiatek;120250261422190581;LeadGen 27.05;120250261422330581;Cala polska;ACTIVE;140,00;143,36;2440;1610;1,52;58,75;37;1,52;3,87;13;0,533;11,03;13;;;;1;143,36;;;;;;
2026-06-23;1569482637544365;PawelKwiatek;120250261422190581;LeadGen 27.05;120250261422330581;Cala polska;ACTIVE;140,00;116,06;1847;1200;1,54;62,84;25;1,35;4,64;6;0,325;19,34;6;;;;0;;;;;;;
2026-06-24;1569482637544365;PawelKwiatek;120250261422190581;LeadGen 27.05;120250261422330581;Cala polska;ACTIVE;140,00;47,17;672;507;1,33;70,19;10;1,49;4,72;4;0,595;11,79;4;;;;0;;;;;;;
2026-07-28;1569482637544365;PawelKwiatek;120250261422190581;LeadGen 27.05;120250261422330581;Cala polska;ACTIVE;140,00;45,53;715;546;1,31;63,68;9;1,26;5,06;3;0,420;15,18;3;;;;0;;;;;;;
2026-07-29;1569482637544365;PawelKwiatek;120250261422190581;LeadGen 27.05;120250261422330581;Cala polska;ACTIVE;200,00;247,35;4233;2519;1,68;58,43;69;1,63;3,58;21;0,496;11,78;20;;;;2;123,67;;;;;;
2026-07-30;1569482637544365;PawelKwiatek;120250261422190581;LeadGen 27.05;120250261422330581;Cala polska;ACTIVE;200,00;159,63;2853;1931;1,48;55,95;56;1,96;2,85;20;0,701;7,98;20;;;;0;;;;;;;
2026-07-31;1569482637544365;PawelKwiatek;120250261422190581;LeadGen 27.05;120250261422330581;Cala polska;ACTIVE;200,00;196,90;3248;2220;1,46;60,62;56;1,72;3,52;24;0,739;8,20;23;;;;1;196,90;;;;;;
2026-08-01;1569482637544365;PawelKwiatek;120250261422190581;LeadGen 27.05;120250261422330581;Cala polska;ACTIVE;200,00;197,38;2698;1813;1,49;73,16;34;1,26;5,81;12;0,445;16,45;12;;;;0;;;;;;;
2026-08-02;1569482637544365;PawelKwiatek;120250261422190581;LeadGen 27.05;120250261422330581;Cala polska;ACTIVE;200,00;193,78;2737;1870;1,46;70,80;30;1,10;6,46;8;0,292;24,22;8;;;;0;;;;;;;
2026-08-03;1569482637544365;PawelKwiatek;120250261422190581;LeadGen 27.05;120250261422330581;Cala polska;ACTIVE;200,00;242,98;3177;2366;1,34;76,48;63;1,98;3,86;19;0,598;12,79;18;;;;0;;;;;;;DZIEN NIEPELNY
2026-06-25;1569482637544365;PawelKwiatek;120250261422190581;LeadGen 27.05;120250261422330581;Cala polska;PAUSED;140,00;0,00;0;0;;;0;;;0;;;0;;;;0;;;;;;;KAMPANIA WYLACZONA - brak emisji
2026-06-26;1569482637544365;PawelKwiatek;120250261422190581;LeadGen 27.05;120250261422330581;Cala polska;PAUSED;140,00;0,00;0;0;;;0;;;0;;;0;;;;0;;;;;;;KAMPANIA WYLACZONA - brak emisji
2026-06-27;1569482637544365;PawelKwiatek;120250261422190581;LeadGen 27.05;120250261422330581;Cala polska;PAUSED;140,00;0,00;0;0;;;0;;;0;;;0;;;;0;;;;;;;KAMPANIA WYLACZONA - brak emisji
2026-06-28;1569482637544365;PawelKwiatek;120250261422190581;LeadGen 27.05;120250261422330581;Cala polska;PAUSED;140,00;0,00;0;0;;;0;;;0;;;0;;;;0;;;;;;;KAMPANIA WYLACZONA - brak emisji
2026-06-29;1569482637544365;PawelKwiatek;120250261422190581;LeadGen 27.05;120250261422330581;Cala polska;PAUSED;140,00;0,00;0;0;;;0;;;0;;;0;;;;0;;;;;;;KAMPANIA WYLACZONA - brak emisji
2026-06-30;1569482637544365;PawelKwiatek;120250261422190581;LeadGen 27.05;120250261422330581;Cala polska;PAUSED;140,00;0,00;0;0;;;0;;;0;;;0;;;;0;;;;;;;KAMPANIA WYLACZONA - brak emisji
2026-07-01;1569482637544365;PawelKwiatek;120250261422190581;LeadGen 27.05;120250261422330581;Cala polska;PAUSED;140,00;0,00;0;0;;;0;;;0;;;0;;;;0;;;;;;;KAMPANIA WYLACZONA - brak emisji
2026-07-02;1569482637544365;PawelKwiatek;120250261422190581;LeadGen 27.05;120250261422330581;Cala polska;PAUSED;140,00;0,00;0;0;;;0;;;0;;;0;;;;0;;;;;;;KAMPANIA WYLACZONA - brak emisji
2026-07-03;1569482637544365;PawelKwiatek;120250261422190581;LeadGen 27.05;120250261422330581;Cala polska;PAUSED;140,00;0,00;0;0;;;0;;;0;;;0;;;;0;;;;;;;KAMPANIA WYLACZONA - brak emisji
2026-07-04;1569482637544365;PawelKwiatek;120250261422190581;LeadGen 27.05;120250261422330581;Cala polska;PAUSED;140,00;0,00;0;0;;;0;;;0;;;0;;;;0;;;;;;;KAMPANIA WYLACZONA - brak emisji
2026-07-05;1569482637544365;PawelKwiatek;120250261422190581;LeadGen 27.05;120250261422330581;Cala polska;PAUSED;140,00;0,00;0;0;;;0;;;0;;;0;;;;0;;;;;;;KAMPANIA WYLACZONA - brak emisji
2026-07-06;1569482637544365;PawelKwiatek;120250261422190581;LeadGen 27.05;120250261422330581;Cala polska;PAUSED;140,00;0,00;0;0;;;0;;;0;;;0;;;;0;;;;;;;KAMPANIA WYLACZONA - brak emisji
2026-07-07;1569482637544365;PawelKwiatek;120250261422190581;LeadGen 27.05;120250261422330581;Cala polska;PAUSED;140,00;0,00;0;0;;;0;;;0;;;0;;;;0;;;;;;;KAMPANIA WYLACZONA - brak emisji
2026-07-08;1569482637544365;PawelKwiatek;120250261422190581;LeadGen 27.05;120250261422330581;Cala polska;PAUSED;140,00;0,00;0;0;;;0;;;0;;;0;;;;0;;;;;;;KAMPANIA WYLACZONA - brak emisji
2026-07-09;1569482637544365;PawelKwiatek;120250261422190581;LeadGen 27.05;120250261422330581;Cala polska;PAUSED;140,00;0,00;0;0;;;0;;;0;;;0;;;;0;;;;;;;KAMPANIA WYLACZONA - brak emisji
2026-07-10;1569482637544365;PawelKwiatek;120250261422190581;LeadGen 27.05;120250261422330581;Cala polska;PAUSED;140,00;0,00;0;0;;;0;;;0;;;0;;;;0;;;;;;;KAMPANIA WYLACZONA - brak emisji
2026-07-11;1569482637544365;PawelKwiatek;120250261422190581;LeadGen 27.05;120250261422330581;Cala polska;PAUSED;140,00;0,00;0;0;;;0;;;0;;;0;;;;0;;;;;;;KAMPANIA WYLACZONA - brak emisji
2026-07-12;1569482637544365;PawelKwiatek;120250261422190581;LeadGen 27.05;120250261422330581;Cala polska;PAUSED;140,00;0,00;0;0;;;0;;;0;;;0;;;;0;;;;;;;KAMPANIA WYLACZONA - brak emisji
2026-07-13;1569482637544365;PawelKwiatek;120250261422190581;LeadGen 27.05;120250261422330581;Cala polska;PAUSED;140,00;0,00;0;0;;;0;;;0;;;0;;;;0;;;;;;;KAMPANIA WYLACZONA - brak emisji
2026-07-14;1569482637544365;PawelKwiatek;120250261422190581;LeadGen 27.05;120250261422330581;Cala polska;PAUSED;140,00;0,00;0;0;;;0;;;0;;;0;;;;0;;;;;;;KAMPANIA WYLACZONA - brak emisji
2026-07-15;1569482637544365;PawelKwiatek;120250261422190581;LeadGen 27.05;120250261422330581;Cala polska;PAUSED;140,00;0,00;0;0;;;0;;;0;;;0;;;;0;;;;;;;KAMPANIA WYLACZONA - brak emisji
2026-07-16;1569482637544365;PawelKwiatek;120250261422190581;LeadGen 27.05;120250261422330581;Cala polska;PAUSED;140,00;0,00;0;0;;;0;;;0;;;0;;;;0;;;;;;;KAMPANIA WYLACZONA - brak emisji
2026-07-17;1569482637544365;PawelKwiatek;120250261422190581;LeadGen 27.05;120250261422330581;Cala polska;PAUSED;140,00;0,00;0;0;;;0;;;0;;;0;;;;0;;;;;;;KAMPANIA WYLACZONA - brak emisji
2026-07-18;1569482637544365;PawelKwiatek;120250261422190581;LeadGen 27.05;120250261422330581;Cala polska;PAUSED;140,00;0,00;0;0;;;0;;;0;;;0;;;;0;;;;;;;KAMPANIA WYLACZONA - brak emisji
2026-07-19;1569482637544365;PawelKwiatek;120250261422190581;LeadGen 27.05;120250261422330581;Cala polska;PAUSED;140,00;0,00;0;0;;;0;;;0;;;0;;;;0;;;;;;;KAMPANIA WYLACZONA - brak emisji
2026-07-20;1569482637544365;PawelKwiatek;120250261422190581;LeadGen 27.05;120250261422330581;Cala polska;PAUSED;140,00;0,00;0;0;;;0;;;0;;;0;;;;0;;;;;;;KAMPANIA WYLACZONA - brak emisji
2026-07-21;1569482637544365;PawelKwiatek;120250261422190581;LeadGen 27.05;120250261422330581;Cala polska;PAUSED;140,00;0,00;0;0;;;0;;;0;;;0;;;;0;;;;;;;KAMPANIA WYLACZONA - brak emisji
2026-07-22;1569482637544365;PawelKwiatek;120250261422190581;LeadGen 27.05;120250261422330581;Cala polska;PAUSED;140,00;0,00;0;0;;;0;;;0;;;0;;;;0;;;;;;;KAMPANIA WYLACZONA - brak emisji
2026-07-23;1569482637544365;PawelKwiatek;120250261422190581;LeadGen 27.05;120250261422330581;Cala polska;PAUSED;140,00;0,00;0;0;;;0;;;0;;;0;;;;0;;;;;;;KAMPANIA WYLACZONA - brak emisji
2026-07-24;1569482637544365;PawelKwiatek;120250261422190581;LeadGen 27.05;120250261422330581;Cala polska;PAUSED;140,00;0,00;0;0;;;0;;;0;;;0;;;;0;;;;;;;KAMPANIA WYLACZONA - brak emisji
2026-07-25;1569482637544365;PawelKwiatek;120250261422190581;LeadGen 27.05;120250261422330581;Cala polska;PAUSED;140,00;0,00;0;0;;;0;;;0;;;0;;;;0;;;;;;;KAMPANIA WYLACZONA - brak emisji
2026-07-26;1569482637544365;PawelKwiatek;120250261422190581;LeadGen 27.05;120250261422330581;Cala polska;PAUSED;140,00;0,00;0;0;;;0;;;0;;;0;;;;0;;;;;;;KAMPANIA WYLACZONA - brak emisji
2026-07-27;1569482637544365;PawelKwiatek;120250261422190581;LeadGen 27.05;120250261422330581;Cala polska;PAUSED;140,00;0,00;0;0;;;0;;;0;;;0;;;;0;;;;;;;KAMPANIA WYLACZONA - brak emisji
